keyword,tfidf_score
电影,0.246707
演技,0.035102
女性,0.028277
故事,0.026303
EN,0.023638
電影,0.021734
真的,0.019858
奶茶,0.017911
孩子,0.017823
意外,0.017554
好看,0.017481
期待,0.017136
沒有,0.016687
生育,0.016442
自然,0.016429
